-0.60800,0.02350,0.34000,0.00000,-1.57080,0.00000
-0.60800,0.02350,0.34000,0.00000,-1.57080,0.00000
-0.60800,0.02350,0.34000,0.00000,-1.57080,0.00000
-0.60800,0.02350,0.34000,0.00000,-1.57080,0.00000
-0.60800,0.02350,0.34000,0.00000,-1.57080,0.00000
-0.60800,0.02350,0.34000,0.00000,-1.57080,0.00000
-0.60800,0.02350,0.34000,0.00000,-1.57080,0.00000
-0.60800,0.02350,0.34000,0.00000,-1.57080,0.00000
-0.60800,0.02350,0.34000,0.00000,-1.57080,0.00000
-0.60800,0.02350,0.34000,0.00000,-1.57080,0.00000
-0.60800,0.02350,0.34000,0.00000,-1.57080,0.00000
-0.60800,0.02350,0.34000,0.00000,-1.57080,0.00000
-0.60800,0.02350,0.34000,0.00000,-1.57080,0.00000
-0.60800,0.02350,0.34000,0.00000,-1.57080,0.00000
-0.60800,0.02350,0.34000,0.00000,-1.57080,0.00000
-0.60800,0.02350,0.34000,0.00000,-1.57080,0.00000
-0.60800,0.02350,0.34000,0.00000,-1.57080,0.00000
-0.60800,0.02350,0.34000,0.00000,-1.57080,0.00000
-0.60800,0.02350,0.34000,0.00000,-1.57080,0.00000
-0.60800,0.02350,0.34000,0.00000,-1.57080,0.00000
-0.60800,0.02350,0.34000,0.00000,-1.57080,0.00000
-0.60800,0.02350,0.34000,0.00000,-1.57080,0.00000
-0.60800,0.02350,0.34000,0.00000,-1.57080,0.00000
-0.60800,0.02350,0.34000,0.00000,-1.57080,0.00000
-0.60800,0.02350,0.34000,0.00000,-1.57080,0.00000
-0.60800,0.02350,0.34000,0.00000,-1.57080,0.00000
-0.60800,0.02350,0.34000,0.00000,-1.57080,0.00000
-0.60800,0.02350,0.34000,0.00000,-1.57080,0.00000
-0.60800,0.02350,0.34000,0.00000,-1.57080,0.00000
-0.60800,0.02350,0.34000,0.00000,-1.57080,0.00000
-0.60800,0.02350,0.34000,0.00000,-1.57080,0.00000
-0.60800,0.02350,0.34000,0.00000,-1.57080,0.00000
-0.60800,0.02350,0.34000,0.00000,-1.57080,0.00000
-0.60800,0.02350,0.34000,0.00000,-1.57080,0.00000
-0.60800,0.02350,0.34000,0.00000,-1.57080,0.00000
-0.60800,0.02350,0.34000,0.00000,-1.57080,0.00000
-0.60800,0.02350,0.34000,0.00000,-1.57080,0.00000
-0.60800,0.02350,0.34000,0.00000,-1.57080,0.00000
-0.60800,0.02350,0.34000,0.00000,-1.57080,0.00000
-0.60800,0.02350,0.34000,0.00000,-1.57080,0.00000
-0.60800,0.02350,0.34000,0.00000,-1.57080,0.00000
-0.60800,0.02350,0.34000,0.00000,-1.57080,0.00000
-0.60800,0.02350,0.34000,0.00000,-1.57080,0.00000
-0.60800,0.02350,0.34000,0.00000,-1.57080,0.00000
-0.60800,0.02350,0.34000,0.00000,-1.57080,0.00000
-0.60800,0.02350,0.34000,0.00000,-1.57080,0.00000
-0.60800,0.02350,0.34000,0.00000,-1.57080,0.00000
-0.60800,0.02350,0.34000,0.00000,-1.57080,0.00000
-0.60800,0.02350,0.34000,0.00000,-1.57080,0.00000
-0.60800,0.02350,0.34000,0.00000,-1.57080,0.00000
-0.60800,0.02350,0.34000,0.00000,-1.57080,0.00000
-0.60800,0.02350,0.34000,0.00000,-1.57080,0.00000
-0.60800,0.02350,0.34000,0.00000,-1.57080,0.00000
-0.60800,0.02350,0.34000,0.00000,-1.57080,0.00000
-0.60800,0.02350,0.34000,0.00000,-1.57080,0.00000
-0.60800,0.02350,0.34000,0.00000,-1.57080,0.00000
-0.60800,0.02350,0.34000,0.00000,-1.57080,0.00000
-0.60800,0.02350,0.34000,0.00000,-1.57080,0.00000
-0.60800,0.02350,0.34000,0.00000,-1.57080,0.00000
-0.60800,0.02350,0.34000,0.00000,-1.57080,0.00000
-0.60800,0.02350,0.34000,0.00000,-1.57080,0.00000
-0.60800,0.02350,0.34000,0.00000,-1.57080,0.00000
-0.60800,0.02350,0.34000,0.00000,-1.57080,0.00000
-0.60800,0.02350,0.34000,0.00000,-1.57080,0.00000
-0.60800,0.02350,0.34000,0.00000,-1.57080,0.00000
-0.60800,0.02350,0.34000,0.00000,-1.57080,0.00000
-0.60800,0.02350,0.34000,0.00000,-1.57080,0.00000
-0.60800,0.02350,0.34000,0.00000,-1.57080,0.00000
-0.60800,0.02350,0.34000,0.00000,-1.57080,0.00000
-0.60800,0.02350,0.34000,0.00000,-1.57080,0.00000
-0.60800,0.02350,0.34000,0.00000,-1.57080,0.00000
-0.60800,0.02350,0.34000,0.00000,-1.57080,0.00000
-0.60800,0.02350,0.34000,0.00000,-1.57080,0.00000
-0.60800,0.02350,0.34000,0.00000,-1.57080,0.00000
-0.60800,0.02350,0.34000,0.00000,-1.57080,0.00000
-0.60800,0.02350,0.34000,0.00000,-1.57080,0.00000
-0.60800,0.02350,0.34000,0.00000,-1.57080,0.00000
-0.60800,0.02350,0.34000,0.00000,-1.57080,0.00000
-0.60800,0.02350,0.34000,0.00000,-1.57080,0.00000
-0.60800,0.02350,0.34000,0.00000,-1.57080,0.00000
-0.60800,0.02350,0.34000,0.00000,-1.57080,0.00000
-0.60800,0.02350,0.34000,0.00000,-1.57080,0.00000
-0.60800,0.02350,0.34000,0.00000,-1.57080,0.00000
-0.60800,0.02350,0.34000,0.00000,-1.57080,0.00000
-0.60800,0.02350,0.34000,0.00000,-1.57080,0.00000
-0.60800,0.02350,0.34000,0.00000,-1.57080,0.00000
-0.60800,0.02350,0.34000,0.00000,-1.57080,0.00000
-0.60800,0.02350,0.34000,0.00000,-1.57080,0.00000
-0.60800,0.02350,0.34000,0.00000,-1.57080,0.00000
-0.60800,0.02350,0.34000,0.00000,-1.57080,0.00000
-0.60800,0.02350,0.34000,0.00000,-1.57080,0.00000
-0.60800,0.02350,0.34000,0.00000,-1.57080,0.00000
-0.60800,0.02350,0.34000,0.00000,-1.57080,0.00000
-0.60800,0.02350,0.34000,0.00000,-1.57080,0.00000
-0.60800,0.02350,0.34000,0.00000,-1.57080,0.00000
-0.60800,0.02350,0.34000,0.00000,-1.57080,0.00000
-0.60800,0.02350,0.34000,0.00000,-1.57080,0.00000
-0.60800,0.02350,0.34000,0.00000,-1.57080,0.00000
-0.60800,0.02350,0.34000,0.00000,-1.57080,0.00000
-0.60800,0.02350,0.34000,0.00000,-1.57080,0.00000
-0.60800,0.02350,0.34000,0.00000,-1.57080,0.00000
-0.60800,0.02350,0.34000,0.00000,-1.57080,0.00000
-0.60800,0.02350,0.34000,0.00000,-1.57080,0.00000
-0.60800,0.02350,0.34000,0.00000,-1.57080,0.00000
-0.60800,0.02350,0.34000,0.00000,-1.57080,0.00000
-0.60800,0.02350,0.34000,0.00000,-1.57080,0.00000
-0.60800,0.02350,0.34000,0.00000,-1.57080,0.00000
-0.60800,0.02350,0.34000,0.00000,-1.57080,0.00000
-0.60800,0.02350,0.34000,0.00000,-1.57080,0.00000
-0.60800,0.02350,0.34000,0.00000,-1.57080,0.00000
-0.60800,0.02350,0.34000,0.00000,-1.57080,0.00000
-0.60800,0.02350,0.34000,0.00000,-1.57080,0.00000
-0.60800,0.02350,0.34000,0.00000,-1.57080,0.00000
-0.60800,0.02350,0.34000,0.00000,-1.57080,0.00000
-0.60800,0.02350,0.34000,0.00000,-1.57080,0.00000
-0.60800,0.02350,0.34000,0.00000,-1.57080,0.00000
-0.60800,0.02350,0.34000,0.00000,-1.57080,0.00000
-0.60800,0.02350,0.34000,0.00000,-1.57080,0.00000
-0.60800,0.02350,0.34000,0.00000,-1.57080,0.00000
-0.60800,0.02350,0.34000,0.00000,-1.57080,0.00000
-0.60800,0.02350,0.34000,0.00000,-1.57080,0.00000
-0.60800,0.02350,0.34000,0.00000,-1.57080,0.00000
-0.60800,0.02350,0.34000,0.00000,-1.57080,0.00000
-0.60800,0.02350,0.34000,0.00000,-1.57080,0.00000
-0.60800,0.02350,0.34000,0.00000,-1.57080,0.00000
-0.60800,0.02350,0.34000,0.00000,-1.57080,0.00000
-0.60800,0.02350,0.34000,0.00000,-1.57080,0.00000
-0.60800,0.02350,0.34000,0.00000,-1.57080,0.00000
-0.60800,0.02350,0.34000,0.00000,-1.57080,0.00000
-0.60800,0.02350,0.34000,0.00000,-1.57080,0.00000
-0.60800,0.02350,0.34000,0.00000,-1.57080,0.00000
-0.60800,0.02350,0.34000,0.00000,-1.57080,0.00000
-0.60800,0.02350,0.34000,0.00000,-1.57080,0.00000
-0.60800,0.02350,0.34000,0.00000,-1.57080,0.00000
-0.60800,0.02350,0.34000,0.00000,-1.57080,0.00000
-0.60800,0.02350,0.34000,0.00000,-1.57080,0.00000
-0.60800,0.02350,0.34000,0.00000,-1.57080,0.00000
-0.60800,0.02350,0.34000,0.00000,-1.57080,0.00000
-0.60800,0.02350,0.34000,0.00000,-1.57080,0.00000
-0.60800,0.02350,0.34000,0.00000,-1.57080,0.00000
-0.60800,0.02350,0.34000,0.00000,-1.57080,0.00000
-0.60800,0.02350,0.34000,0.00000,-1.57080,0.00000
-0.60800,0.02350,0.34000,0.00000,-1.57080,0.00000
-0.60800,0.02350,0.34000,0.00000,-1.57080,0.00000
-0.60800,0.02350,0.34000,0.00000,-1.57080,0.00000
-0.60800,0.02350,0.34000,0.00000,-1.57080,0.00000
-0.60800,0.02350,0.34000,0.00000,-1.57080,0.00000
-0.60800,0.02350,0.34000,0.00000,-1.57080,0.00000
-0.60800,0.02350,0.34000,0.00000,-1.57080,0.00000
-0.60800,0.02350,0.34000,0.00000,-1.57080,0.00000
-0.60800,0.02350,0.34000,0.00000,-1.57080,0.00000
-0.60800,0.02350,0.33919,0.00000,-1.57080,0.00000
-0.60800,0.02350,0.33839,0.00000,-1.57080,0.00000
-0.60800,0.02350,0.33758,0.00000,-1.57080,0.00000
-0.60800,0.02350,0.33677,0.00000,-1.57080,0.00000
-0.60800,0.02350,0.33597,0.00000,-1.57080,0.00000
-0.60800,0.02350,0.33516,0.00000,-1.57080,0.00000
-0.60800,0.02350,0.33435,0.00000,-1.57080,0.00000
-0.60800,0.02350,0.33355,0.00000,-1.57080,0.00000
-0.60800,0.02350,0.33274,0.00000,-1.57080,0.00000
-0.60800,0.02350,0.33194,0.00000,-1.57080,0.00000
-0.60800,0.02350,0.33113,0.00000,-1.57080,0.00000
-0.60800,0.02350,0.33032,0.00000,-1.57080,0.00000
-0.60800,0.02350,0.32952,0.00000,-1.57080,0.00000
-0.60800,0.02350,0.32871,0.00000,-1.57080,0.00000
-0.60800,0.02350,0.32790,0.00000,-1.57080,0.00000
-0.60800,0.02350,0.32710,0.00000,-1.57080,0.00000
-0.60800,0.02350,0.32629,0.00000,-1.57080,0.00000
-0.60800,0.02350,0.32548,0.00000,-1.57080,0.00000
-0.60800,0.02350,0.32468,0.00000,-1.57080,0.00000
-0.60800,0.02350,0.32387,0.00000,-1.57080,0.00000
-0.60800,0.02350,0.32306,0.00000,-1.57080,0.00000
-0.60800,0.02350,0.32226,0.00000,-1.57080,0.00000
-0.60800,0.02350,0.32145,0.00000,-1.57080,0.00000
-0.60800,0.02350,0.32065,0.00000,-1.57080,0.00000
-0.60800,0.02350,0.31984,0.00000,-1.57080,0.00000
-0.60800,0.02350,0.31903,0.00000,-1.57080,0.00000
-0.60800,0.02350,0.31823,0.00000,-1.57080,0.00000
-0.60800,0.02350,0.31742,0.00000,-1.57080,0.00000
-0.60800,0.02350,0.31661,0.00000,-1.57080,0.00000
-0.60800,0.02350,0.31581,0.00000,-1.57080,0.00000
-0.60800,0.02350,0.31500,0.00000,-1.57080,0.00000
-0.60800,0.02350,0.31419,0.00000,-1.57080,0.00000
-0.60800,0.02350,0.31339,0.00000,-1.57080,0.00000
-0.60800,0.02350,0.31258,0.00000,-1.57080,0.00000
-0.60800,0.02350,0.31177,0.00000,-1.57080,0.00000
-0.60800,0.02350,0.31097,0.00000,-1.57080,0.00000
-0.60800,0.02350,0.31016,0.00000,-1.57080,0.00000
-0.60800,0.02350,0.30935,0.00000,-1.57080,0.00000
-0.60800,0.02350,0.30855,0.00000,-1.57080,0.00000
-0.60800,0.02350,0.30774,0.00000,-1.57080,0.00000
-0.60800,0.02350,0.30694,0.00000,-1.57080,0.00000
-0.60800,0.02350,0.30613,0.00000,-1.57080,0.00000
-0.60800,0.02350,0.30532,0.00000,-1.57080,0.00000
-0.60800,0.02350,0.30452,0.00000,-1.57080,0.00000
-0.60800,0.02350,0.30371,0.00000,-1.57080,0.00000
-0.60800,0.02350,0.30290,0.00000,-1.57080,0.00000
-0.60800,0.02350,0.30210,0.00000,-1.57080,0.00000
-0.60800,0.02350,0.30129,0.00000,-1.57080,0.00000
-0.60800,0.02350,0.30048,0.00000,-1.57080,0.00000
-0.60800,0.02350,0.29968,0.00000,-1.57080,0.00000
-0.60800,0.02350,0.29887,0.00000,-1.57080,0.00000
-0.60800,0.02350,0.29806,0.00000,-1.57080,0.00000
-0.60800,0.02350,0.29726,0.00000,-1.57080,0.00000
-0.60800,0.02350,0.29645,0.00000,-1.57080,0.00000
-0.60800,0.02350,0.29565,0.00000,-1.57080,0.00000
-0.60800,0.02350,0.29484,0.00000,-1.57080,0.00000
-0.60800,0.02350,0.29403,0.00000,-1.57080,0.00000
-0.60800,0.02350,0.29323,0.00000,-1.57080,0.00000
-0.60800,0.02350,0.29242,0.00000,-1.57080,0.00000
-0.60800,0.02350,0.29161,0.00000,-1.57080,0.00000
-0.60800,0.02350,0.29081,0.00000,-1.57080,0.00000
-0.60800,0.02350,0.29000,0.00000,-1.57080,0.00000
-0.60800,0.02350,0.28919,0.00000,-1.57080,0.00000
-0.60800,0.02350,0.28839,0.00000,-1.57080,0.00000
-0.60800,0.02350,0.28758,0.00000,-1.57080,0.00000
-0.60800,0.02350,0.28677,0.00000,-1.57080,0.00000
-0.60800,0.02350,0.28597,0.00000,-1.57080,0.00000
-0.60800,0.02350,0.28516,0.00000,-1.57080,0.00000
-0.60800,0.02350,0.28435,0.00000,-1.57080,0.00000
-0.60800,0.02350,0.28355,0.00000,-1.57080,0.00000
-0.60800,0.02350,0.28274,0.00000,-1.57080,0.00000
-0.60800,0.02350,0.28194,0.00000,-1.57080,0.00000
-0.60800,0.02350,0.28113,0.00000,-1.57080,0.00000
-0.60800,0.02350,0.28032,0.00000,-1.57080,0.00000
-0.60800,0.02350,0.27952,0.00000,-1.57080,0.00000
-0.60800,0.02350,0.27871,0.00000,-1.57080,0.00000
-0.60800,0.02350,0.27790,0.00000,-1.57080,0.00000
-0.60800,0.02350,0.27710,0.00000,-1.57080,0.00000
-0.60800,0.02350,0.27629,0.00000,-1.57080,0.00000
-0.60800,0.02350,0.27548,0.00000,-1.57080,0.00000
-0.60800,0.02350,0.27468,0.00000,-1.57080,0.00000
-0.60800,0.02350,0.27387,0.00000,-1.57080,0.00000
-0.60800,0.02350,0.27306,0.00000,-1.57080,0.00000
-0.60800,0.02350,0.27226,0.00000,-1.57080,0.00000
-0.60800,0.02350,0.27145,0.00000,-1.57080,0.00000
-0.60800,0.02350,0.27065,0.00000,-1.57080,0.00000
-0.60800,0.02350,0.26984,0.00000,-1.57080,0.00000
-0.60800,0.02350,0.26903,0.00000,-1.57080,0.00000
-0.60800,0.02350,0.26823,0.00000,-1.57080,0.00000
-0.60800,0.02350,0.26742,0.00000,-1.57080,0.00000
-0.60800,0.02350,0.26661,0.00000,-1.57080,0.00000
-0.60800,0.02350,0.26581,0.00000,-1.57080,0.00000
-0.60800,0.02350,0.26500,0.00000,-1.57080,0.00000
-0.60800,0.02350,0.26419,0.00000,-1.57080,0.00000
-0.60800,0.02350,0.26339,0.00000,-1.57080,0.00000
-0.60800,0.02350,0.26258,0.00000,-1.57080,0.00000
-0.60800,0.02350,0.26177,0.00000,-1.57080,0.00000
-0.60800,0.02350,0.26097,0.00000,-1.57080,0.00000
-0.60800,0.02350,0.26016,0.00000,-1.57080,0.00000
-0.60800,0.02350,0.25935,0.00000,-1.57080,0.00000
-0.60800,0.02350,0.25855,0.00000,-1.57080,0.00000
-0.60800,0.02350,0.25774,0.00000,-1.57080,0.00000
-0.60800,0.02350,0.25694,0.00000,-1.57080,0.00000
-0.60800,0.02350,0.25613,0.00000,-1.57080,0.00000
-0.60800,0.02350,0.25532,0.00000,-1.57080,0.00000
-0.60800,0.02350,0.25452,0.00000,-1.57080,0.00000
-0.60800,0.02350,0.25371,0.00000,-1.57080,0.00000
-0.60800,0.02350,0.25290,0.00000,-1.57080,0.00000
-0.60800,0.02350,0.25210,0.00000,-1.57080,0.00000
-0.60800,0.02350,0.25129,0.00000,-1.57080,0.00000
-0.60800,0.02350,0.25048,0.00000,-1.57080,0.00000
-0.60800,0.02350,0.24968,0.00000,-1.57080,0.00000
-0.60800,0.02350,0.24887,0.00000,-1.57080,0.00000
-0.60800,0.02350,0.24806,0.00000,-1.57080,0.00000
-0.60800,0.02350,0.24726,0.00000,-1.57080,0.00000
-0.60800,0.02350,0.24645,0.00000,-1.57080,0.00000
-0.60800,0.02350,0.24565,0.00000,-1.57080,0.00000
-0.60800,0.02350,0.24484,0.00000,-1.57080,0.00000
-0.60800,0.02350,0.24403,0.00000,-1.57080,0.00000
-0.60800,0.02350,0.24323,0.00000,-1.57080,0.00000
-0.60800,0.02350,0.24242,0.00000,-1.57080,0.00000
-0.60800,0.02350,0.24161,0.00000,-1.57080,0.00000
-0.60800,0.02350,0.24081,0.00000,-1.57080,0.00000
-0.60800,0.02350,0.24000,0.00000,-1.57080,0.00000
-0.60800,0.02350,0.24000,0.00000,-1.57080,0.00000
-0.60800,0.02350,0.24000,0.00000,-1.57080,0.00000
-0.60800,0.02350,0.24000,0.00000,-1.57080,0.00000
-0.60800,0.02350,0.24000,0.00000,-1.57080,0.00000
-0.60800,0.02350,0.24000,0.00000,-1.57080,0.00000
-0.60800,0.02350,0.24000,0.00000,-1.57080,0.00000
-0.60800,0.02350,0.24000,0.00000,-1.57080,0.00000
-0.60800,0.02350,0.24000,0.00000,-1.57080,0.00000
-0.60800,0.02350,0.24000,0.00000,-1.57080,0.00000
-0.60800,0.02350,0.24000,0.00000,-1.57080,0.00000
-0.60800,0.02350,0.24000,0.00000,-1.57080,0.00000
-0.60800,0.02350,0.24000,0.00000,-1.57080,0.00000
-0.60800,0.02350,0.24000,0.00000,-1.57080,0.00000
-0.60800,0.02350,0.24000,0.00000,-1.57080,0.00000
-0.60800,0.02350,0.24000,0.00000,-1.57080,0.00000
-0.60800,0.02350,0.24000,0.00000,-1.57080,0.00000
-0.60800,0.02350,0.24000,0.00000,-1.57080,0.00000
-0.60800,0.02350,0.24000,0.00000,-1.57080,0.00000
-0.60800,0.02350,0.24000,0.00000,-1.57080,0.00000
-0.60800,0.02350,0.24000,0.00000,-1.57080,0.00000
-0.60800,0.02350,0.24000,0.00000,-1.57080,0.00000
-0.60800,0.02350,0.24000,0.00000,-1.57080,0.00000
-0.60800,0.02350,0.24000,0.00000,-1.57080,0.00000
-0.60800,0.02350,0.24000,0.00000,-1.57080,0.00000
-0.60800,0.02350,0.24000,0.00000,-1.57080,0.00000
-0.60800,0.02350,0.24000,0.00000,-1.57080,0.00000
-0.60800,0.02350,0.24000,0.00000,-1.57080,0.00000
-0.60800,0.02350,0.24000,0.00000,-1.57080,0.00000
-0.60800,0.02350,0.24000,0.00000,-1.57080,0.00000
-0.60800,0.02350,0.24000,0.00000,-1.57080,0.00000
-0.60800,0.02350,0.24000,0.00000,-1.57080,0.00000
-0.60800,0.02350,0.24000,0.00000,-1.57080,0.00000
-0.60800,0.02350,0.24000,0.00000,-1.57080,0.00000
-0.60800,0.02350,0.24000,0.00000,-1.57080,0.00000
-0.60800,0.02350,0.24000,0.00000,-1.57080,0.00000
-0.60800,0.02350,0.24000,0.00000,-1.57080,0.00000
-0.60800,0.02350,0.24000,0.00000,-1.57080,0.00000
-0.60800,0.02350,0.24000,0.00000,-1.57080,0.00000
-0.60800,0.02350,0.24000,0.00000,-1.57080,0.00000
-0.60800,0.02350,0.24000,0.00000,-1.57080,0.00000
-0.60800,0.02350,0.24000,0.00000,-1.57080,0.00000
-0.60800,0.02350,0.24000,0.00000,-1.57080,0.00000
-0.60800,0.02350,0.24000,0.00000,-1.57080,0.00000
-0.60800,0.02350,0.24000,0.00000,-1.57080,0.00000
-0.60800,0.02350,0.24000,0.00000,-1.57080,0.00000
-0.60800,0.02350,0.24000,0.00000,-1.57080,0.00000
-0.60800,0.02350,0.24000,0.00000,-1.57080,0.00000
-0.60800,0.02350,0.24000,0.00000,-1.57080,0.00000
-0.60800,0.02350,0.24000,0.00000,-1.57080,0.00000
-0.60800,0.02350,0.24000,0.00000,-1.57080,0.00000
-0.60800,0.02350,0.24000,0.00000,-1.57080,0.00000
-0.60858,0.02292,0.24000,0.00000,-1.57080,0.00000
-0.60915,0.02235,0.24000,0.00000,-1.57080,0.00000
-0.60973,0.02177,0.24000,0.00000,-1.57080,0.00000
-0.61031,0.02119,0.24000,0.00000,-1.57080,0.00000
-0.61088,0.02062,0.24000,0.00000,-1.57080,0.00000
-0.61146,0.02004,0.24000,0.00000,-1.57080,0.00000
-0.61204,0.01946,0.24000,0.00000,-1.57080,0.00000
-0.61262,0.01888,0.24000,0.00000,-1.57080,0.00000
-0.61319,0.01831,0.24000,0.00000,-1.57080,0.00000
-0.61377,0.01773,0.24000,0.00000,-1.57080,0.00000
-0.61435,0.01715,0.24000,0.00000,-1.57080,0.00000
-0.61492,0.01658,0.24000,0.00000,-1.57080,0.00000
-0.61550,0.01600,0.24000,0.00000,-1.57080,0.00000
-0.61608,0.01542,0.24000,0.00000,-1.57080,0.00000
-0.61665,0.01485,0.24000,0.00000,-1.57080,0.00000
-0.61723,0.01427,0.24000,0.00000,-1.57080,0.00000
-0.61781,0.01369,0.24000,0.00000,-1.57080,0.00000
-0.61838,0.01312,0.24000,0.00000,-1.57080,0.00000
-0.61896,0.01254,0.24000,0.00000,-1.57080,0.00000
-0.61954,0.01196,0.24000,0.00000,-1.57080,0.00000
-0.62012,0.01138,0.24000,0.00000,-1.57080,0.00000
-0.62069,0.01081,0.24000,0.00000,-1.57080,0.00000
-0.62127,0.01023,0.24000,0.00000,-1.57080,0.00000
-0.62185,0.00965,0.24000,0.00000,-1.57080,0.00000
-0.62242,0.00908,0.24000,0.00000,-1.57080,0.00000
-0.62300,0.00850,0.24000,0.00000,-1.57080,0.00000
-0.62358,0.00792,0.24000,0.00000,-1.57080,0.00000
-0.62415,0.00735,0.24000,0.00000,-1.57080,0.00000
-0.62473,0.00677,0.24000,0.00000,-1.57080,0.00000
-0.62531,0.00619,0.24000,0.00000,-1.57080,0.00000
-0.62588,0.00562,0.24000,0.00000,-1.57080,0.00000
-0.62646,0.00504,0.24000,0.00000,-1.57080,0.00000
-0.62704,0.00446,0.24000,0.00000,-1.57080,0.00000
-0.62762,0.00388,0.24000,0.00000,-1.57080,0.00000
-0.62819,0.00331,0.24000,0.00000,-1.57080,0.00000
-0.62877,0.00273,0.24000,0.00000,-1.57080,0.00000
-0.62935,0.00215,0.24000,0.00000,-1.57080,0.00000
-0.62992,0.00158,0.24000,0.00000,-1.57080,0.00000
-0.63050,0.00100,0.24000,0.00000,-1.57080,0.00000
-0.63108,0.00042,0.24000,0.00000,-1.57080,0.00000
-0.63165,-0.00015,0.24000,0.00000,-1.57080,0.00000
-0.63223,-0.00073,0.24000,0.00000,-1.57080,0.00000
-0.63281,-0.00131,0.24000,0.00000,-1.57080,0.00000
-0.63338,-0.00188,0.24000,0.00000,-1.57080,0.00000
-0.63396,-0.00246,0.24000,0.00000,-1.57080,0.00000
-0.63454,-0.00304,0.24000,0.00000,-1.57080,0.00000
-0.63512,-0.00362,0.24000,0.00000,-1.57080,0.00000
-0.63569,-0.00419,0.24000,0.00000,-1.57080,0.00000
-0.63627,-0.00477,0.24000,0.00000,-1.57080,0.00000
-0.63685,-0.00535,0.24000,0.00000,-1.57080,0.00000
-0.63742,-0.00592,0.24000,0.00000,-1.57080,0.00000
-0.63800,-0.00650,0.24000,0.00000,-1.57080,0.00000
-0.63800,-0.00650,0.24000,0.00000,-1.57080,0.00000
-0.63800,-0.00650,0.24000,0.00000,-1.57080,0.00000
-0.63800,-0.00650,0.24000,0.00000,-1.57080,0.00000
-0.63800,-0.00650,0.24000,0.00000,-1.57080,0.00000
-0.63800,-0.00650,0.24000,0.00000,-1.57080,0.00000
-0.63800,-0.00650,0.24000,0.00000,-1.57080,0.00000
-0.63800,-0.00650,0.24000,0.00000,-1.57080,0.00000
-0.63800,-0.00650,0.24000,0.00000,-1.57080,0.00000
-0.63800,-0.00650,0.24000,0.00000,-1.57080,0.00000
-0.63800,-0.00650,0.24000,0.00000,-1.57080,0.00000
-0.63800,-0.00650,0.24000,0.00000,-1.57080,0.00000
-0.63800,-0.00650,0.24000,0.00000,-1.57080,0.00000
-0.63800,-0.00650,0.24000,0.00000,-1.57080,0.00000
-0.63800,-0.00650,0.24000,0.00000,-1.57080,0.00000
-0.63800,-0.00650,0.24000,0.00000,-1.57080,0.00000
-0.63800,-0.00650,0.24000,0.00000,-1.57080,0.00000
-0.63800,-0.00650,0.24000,0.00000,-1.57080,0.00000
-0.63800,-0.00650,0.24000,0.00000,-1.57080,0.00000
-0.63800,-0.00650,0.24000,0.00000,-1.57080,0.00000
-0.63800,-0.00650,0.24000,0.00000,-1.57080,0.00000
-0.63800,-0.00650,0.24000,0.00000,-1.57080,0.00000
-0.63800,-0.00650,0.24000,0.00000,-1.57080,0.00000
-0.63800,-0.00650,0.24000,0.00000,-1.57080,0.00000
-0.63800,-0.00650,0.24000,0.00000,-1.57080,0.00000
-0.63800,-0.00650,0.24000,0.00000,-1.57080,0.00000
-0.63800,-0.00650,0.24000,0.00000,-1.57080,0.00000
-0.63800,-0.00650,0.24000,0.00000,-1.57080,0.00000
-0.63800,-0.00650,0.24000,0.00000,-1.57080,0.00000
-0.63800,-0.00650,0.24000,0.00000,-1.57080,0.00000
-0.63800,-0.00650,0.24000,0.00000,-1.57080,0.00000
-0.63800,-0.00650,0.24000,0.00000,-1.57080,0.00000
-0.63800,-0.00650,0.24000,0.00000,-1.57080,0.00000
-0.63800,-0.00650,0.24000,0.00000,-1.57080,0.00000
-0.63800,-0.00650,0.24000,0.00000,-1.57080,0.00000
-0.63800,-0.00650,0.24000,0.00000,-1.57080,0.00000
-0.63800,-0.00650,0.24000,0.00000,-1.57080,0.00000
-0.63800,-0.00650,0.24000,0.00000,-1.57080,0.00000
-0.63800,-0.00650,0.24000,0.00000,-1.57080,0.00000
-0.63800,-0.00650,0.24000,0.00000,-1.57080,0.00000
-0.63800,-0.00650,0.24000,0.00000,-1.57080,0.00000
-0.63800,-0.00650,0.24000,0.00000,-1.57080,0.00000
-0.63800,-0.00650,0.24000,0.00000,-1.57080,0.00000
-0.63800,-0.00650,0.24000,0.00000,-1.57080,0.00000
-0.63800,-0.00650,0.24000,0.00000,-1.57080,0.00000
-0.63800,-0.00650,0.24000,0.00000,-1.57080,0.00000
-0.63800,-0.00650,0.24000,0.00000,-1.57080,0.00000
-0.63800,-0.00650,0.24000,0.00000,-1.57080,0.00000
-0.63800,-0.00650,0.24000,0.00000,-1.57080,0.00000
-0.63800,-0.00650,0.24000,0.00000,-1.57080,0.00000
-0.63800,-0.00650,0.24000,0.00000,-1.57080,0.00000
-0.63800,-0.00650,0.24000,0.00000,-1.57080,0.00000
-0.63800,-0.00650,0.24081,0.00000,-1.57080,0.00000
-0.63800,-0.00650,0.24161,0.00000,-1.57080,0.00000
-0.63800,-0.00650,0.24242,0.00000,-1.57080,0.00000
-0.63800,-0.00650,0.24323,0.00000,-1.57080,0.00000
-0.63800,-0.00650,0.24403,0.00000,-1.57080,0.00000
-0.63800,-0.00650,0.24484,0.00000,-1.57080,0.00000
-0.63800,-0.00650,0.24565,0.00000,-1.57080,0.00000
-0.63800,-0.00650,0.24645,0.00000,-1.57080,0.00000
-0.63800,-0.00650,0.24726,0.00000,-1.57080,0.00000
-0.63800,-0.00650,0.24806,0.00000,-1.57080,0.00000
-0.63800,-0.00650,0.24887,0.00000,-1.57080,0.00000
-0.63800,-0.00650,0.24968,0.00000,-1.57080,0.00000
-0.63800,-0.00650,0.25048,0.00000,-1.57080,0.00000
-0.63800,-0.00650,0.25129,0.00000,-1.57080,0.00000
-0.63800,-0.00650,0.25210,0.00000,-1.57080,0.00000
-0.63800,-0.00650,0.25290,0.00000,-1.57080,0.00000
-0.63800,-0.00650,0.25371,0.00000,-1.57080,0.00000
-0.63800,-0.00650,0.25452,0.00000,-1.57080,0.00000
-0.63800,-0.00650,0.25532,0.00000,-1.57080,0.00000
-0.63800,-0.00650,0.25613,0.00000,-1.57080,0.00000
-0.63800,-0.00650,0.25694,0.00000,-1.57080,0.00000
-0.63800,-0.00650,0.25774,0.00000,-1.57080,0.00000
-0.63800,-0.00650,0.25855,0.00000,-1.57080,0.00000
-0.63800,-0.00650,0.25935,0.00000,-1.57080,0.00000
-0.63800,-0.00650,0.26016,0.00000,-1.57080,0.00000
-0.63800,-0.00650,0.26097,0.00000,-1.57080,0.00000
-0.63800,-0.00650,0.26177,0.00000,-1.57080,0.00000
-0.63800,-0.00650,0.26258,0.00000,-1.57080,0.00000
-0.63800,-0.00650,0.26339,0.00000,-1.57080,0.00000
-0.63800,-0.00650,0.26419,0.00000,-1.57080,0.00000
-0.63800,-0.00650,0.26500,0.00000,-1.57080,0.00000
-0.63800,-0.00650,0.26581,0.00000,-1.57080,0.00000
-0.63800,-0.00650,0.26661,0.00000,-1.57080,0.00000
-0.63800,-0.00650,0.26742,0.00000,-1.57080,0.00000
-0.63800,-0.00650,0.26823,0.00000,-1.57080,0.00000
-0.63800,-0.00650,0.26903,0.00000,-1.57080,0.00000
-0.63800,-0.00650,0.26984,0.00000,-1.57080,0.00000
-0.63800,-0.00650,0.27065,0.00000,-1.57080,0.00000
-0.63800,-0.00650,0.27145,0.00000,-1.57080,0.00000
-0.63800,-0.00650,0.27226,0.00000,-1.57080,0.00000
-0.63800,-0.00650,0.27306,0.00000,-1.57080,0.00000
-0.63800,-0.00650,0.27387,0.00000,-1.57080,0.00000
-0.63800,-0.00650,0.27468,0.00000,-1.57080,0.00000
-0.63800,-0.00650,0.27548,0.00000,-1.57080,0.00000
-0.63800,-0.00650,0.27629,0.00000,-1.57080,0.00000
-0.63800,-0.00650,0.27710,0.00000,-1.57080,0.00000
-0.63800,-0.00650,0.27790,0.00000,-1.57080,0.00000
-0.63800,-0.00650,0.27871,0.00000,-1.57080,0.00000
-0.63800,-0.00650,0.27952,0.00000,-1.57080,0.00000
-0.63800,-0.00650,0.28032,0.00000,-1.57080,0.00000
-0.63800,-0.00650,0.28113,0.00000,-1.57080,0.00000
-0.63800,-0.00650,0.28194,0.00000,-1.57080,0.00000
-0.63800,-0.00650,0.28274,0.00000,-1.57080,0.00000
-0.63800,-0.00650,0.28355,0.00000,-1.57080,0.00000
-0.63800,-0.00650,0.28435,0.00000,-1.57080,0.00000
-0.63800,-0.00650,0.28516,0.00000,-1.57080,0.00000
-0.63800,-0.00650,0.28597,0.00000,-1.57080,0.00000
-0.63800,-0.00650,0.28677,0.00000,-1.57080,0.00000
-0.63800,-0.00650,0.28758,0.00000,-1.57080,0.00000
-0.63800,-0.00650,0.28839,0.00000,-1.57080,0.00000
-0.63800,-0.00650,0.28919,0.00000,-1.57080,0.00000
-0.63800,-0.00650,0.29000,0.00000,-1.57080,0.00000
-0.63800,-0.00650,0.29081,0.00000,-1.57080,0.00000
-0.63800,-0.00650,0.29161,0.00000,-1.57080,0.00000
-0.63800,-0.00650,0.29242,0.00000,-1.57080,0.00000
-0.63800,-0.00650,0.29323,0.00000,-1.57080,0.00000
-0.63800,-0.00650,0.29403,0.00000,-1.57080,0.00000
-0.63800,-0.00650,0.29484,0.00000,-1.57080,0.00000
-0.63800,-0.00650,0.29565,0.00000,-1.57080,0.00000
-0.63800,-0.00650,0.29645,0.00000,-1.57080,0.00000
-0.63800,-0.00650,0.29726,0.00000,-1.57080,0.00000
-0.63800,-0.00650,0.29806,0.00000,-1.57080,0.00000
-0.63800,-0.00650,0.29887,0.00000,-1.57080,0.00000
-0.63800,-0.00650,0.29968,0.00000,-1.57080,0.00000
-0.63800,-0.00650,0.30048,0.00000,-1.57080,0.00000
-0.63800,-0.00650,0.30129,0.00000,-1.57080,0.00000
-0.63800,-0.00650,0.30210,0.00000,-1.57080,0.00000
-0.63800,-0.00650,0.30290,0.00000,-1.57080,0.00000
-0.63800,-0.00650,0.30371,0.00000,-1.57080,0.00000
-0.63800,-0.00650,0.30452,0.00000,-1.57080,0.00000
-0.63800,-0.00650,0.30532,0.00000,-1.57080,0.00000
-0.63800,-0.00650,0.30613,0.00000,-1.57080,0.00000
-0.63800,-0.00650,0.30694,0.00000,-1.57080,0.00000
-0.63800,-0.00650,0.30774,0.00000,-1.57080,0.00000
-0.63800,-0.00650,0.30855,0.00000,-1.57080,0.00000
-0.63800,-0.00650,0.30935,0.00000,-1.57080,0.00000
-0.63800,-0.00650,0.31016,0.00000,-1.57080,0.00000
-0.63800,-0.00650,0.31097,0.00000,-1.57080,0.00000
-0.63800,-0.00650,0.31177,0.00000,-1.57080,0.00000
-0.63800,-0.00650,0.31258,0.00000,-1.57080,0.00000
-0.63800,-0.00650,0.31339,0.00000,-1.57080,0.00000
-0.63800,-0.00650,0.31419,0.00000,-1.57080,0.00000
-0.63800,-0.00650,0.31500,0.00000,-1.57080,0.00000
-0.63800,-0.00650,0.31581,0.00000,-1.57080,0.00000
-0.63800,-0.00650,0.31661,0.00000,-1.57080,0.00000
-0.63800,-0.00650,0.31742,0.00000,-1.57080,0.00000
-0.63800,-0.00650,0.31823,0.00000,-1.57080,0.00000
-0.63800,-0.00650,0.31903,0.00000,-1.57080,0.00000
-0.63800,-0.00650,0.31984,0.00000,-1.57080,0.00000
-0.63800,-0.00650,0.32065,0.00000,-1.57080,0.00000
-0.63800,-0.00650,0.32145,0.00000,-1.57080,0.00000
-0.63800,-0.00650,0.32226,0.00000,-1.57080,0.00000
-0.63800,-0.00650,0.32306,0.00000,-1.57080,0.00000
-0.63800,-0.00650,0.32387,0.00000,-1.57080,0.00000
-0.63800,-0.00650,0.32468,0.00000,-1.57080,0.00000
-0.63800,-0.00650,0.32548,0.00000,-1.57080,0.00000
-0.63800,-0.00650,0.32629,0.00000,-1.57080,0.00000
-0.63800,-0.00650,0.32710,0.00000,-1.57080,0.00000
-0.63800,-0.00650,0.32790,0.00000,-1.57080,0.00000
-0.63800,-0.00650,0.32871,0.00000,-1.57080,0.00000
-0.63800,-0.00650,0.32952,0.00000,-1.57080,0.00000
-0.63800,-0.00650,0.33032,0.00000,-1.57080,0.00000
-0.63800,-0.00650,0.33113,0.00000,-1.57080,0.00000
-0.63800,-0.00650,0.33194,0.00000,-1.57080,0.00000
-0.63800,-0.00650,0.33274,0.00000,-1.57080,0.00000
-0.63800,-0.00650,0.33355,0.00000,-1.57080,0.00000
-0.63800,-0.00650,0.33435,0.00000,-1.57080,0.00000
-0.63800,-0.00650,0.33516,0.00000,-1.57080,0.00000
-0.63800,-0.00650,0.33597,0.00000,-1.57080,0.00000
-0.63800,-0.00650,0.33677,0.00000,-1.57080,0.00000
-0.63800,-0.00650,0.33758,0.00000,-1.57080,0.00000
-0.63800,-0.00650,0.33839,0.00000,-1.57080,0.00000
-0.63800,-0.00650,0.33919,0.00000,-1.57080,0.00000
-0.63800,-0.00650,0.34000,0.00000,-1.57080,0.00000
-0.63800,-0.00650,0.34000,0.00000,-1.57080,0.00000
-0.63800,-0.00650,0.34000,0.00000,-1.57080,0.00000
-0.63800,-0.00650,0.34000,0.00000,-1.57080,0.00000
-0.63800,-0.00650,0.34000,0.00000,-1.57080,0.00000
-0.63800,-0.00650,0.34000,0.00000,-1.57080,0.00000
-0.63800,-0.00650,0.34000,0.00000,-1.57080,0.00000
-0.63800,-0.00650,0.34000,0.00000,-1.57080,0.00000
-0.63800,-0.00650,0.34000,0.00000,-1.57080,0.00000
-0.63800,-0.00650,0.34000,0.00000,-1.57080,0.00000
-0.63800,-0.00650,0.34000,0.00000,-1.57080,0.00000
-0.63800,-0.00650,0.34000,0.00000,-1.57080,0.00000
-0.63800,-0.00650,0.34000,0.00000,-1.57080,0.00000
-0.63800,-0.00650,0.34000,0.00000,-1.57080,0.00000
-0.63800,-0.00650,0.34000,0.00000,-1.57080,0.00000
-0.63800,-0.00650,0.34000,0.00000,-1.57080,0.00000
-0.63800,-0.00650,0.34000,0.00000,-1.57080,0.00000
-0.63800,-0.00650,0.34000,0.00000,-1.57080,0.00000
-0.63800,-0.00650,0.34000,0.00000,-1.57080,0.00000
-0.63800,-0.00650,0.34000,0.00000,-1.57080,0.00000
-0.63800,-0.00650,0.34000,0.00000,-1.57080,0.00000
-0.63800,-0.00650,0.34000,0.00000,-1.57080,0.00000
-0.63800,-0.00650,0.34000,0.00000,-1.57080,0.00000
-0.63800,-0.00650,0.34000,0.00000,-1.57080,0.00000
-0.63800,-0.00650,0.34000,0.00000,-1.57080,0.00000
-0.63800,-0.00650,0.34000,0.00000,-1.57080,0.00000
-0.63800,-0.00650,0.34000,0.00000,-1.57080,0.00000
-0.63743,-0.00593,0.34000,0.00000,-1.57080,0.00000
-0.63687,-0.00537,0.34000,0.00000,-1.57080,0.00000
-0.63630,-0.00480,0.34000,0.00000,-1.57080,0.00000
-0.63574,-0.00424,0.34000,0.00000,-1.57080,0.00000
-0.63517,-0.00367,0.34000,0.00000,-1.57080,0.00000
-0.63460,-0.00310,0.34000,0.00000,-1.57080,0.00000
-0.63404,-0.00254,0.34000,0.00000,-1.57080,0.00000
-0.63347,-0.00197,0.34000,0.00000,-1.57080,0.00000
-0.63291,-0.00141,0.34000,0.00000,-1.57080,0.00000
-0.63234,-0.00084,0.34000,0.00000,-1.57080,0.00000
-0.63177,-0.00027,0.34000,0.00000,-1.57080,0.00000
-0.63121,0.00029,0.34000,0.00000,-1.57080,0.00000
-0.63064,0.00086,0.34000,0.00000,-1.57080,0.00000
-0.63008,0.00142,0.34000,0.00000,-1.57080,0.00000
-0.62951,0.00199,0.34000,0.00000,-1.57080,0.00000
-0.62894,0.00256,0.34000,0.00000,-1.57080,0.00000
-0.62838,0.00312,0.34000,0.00000,-1.57080,0.00000
-0.62781,0.00369,0.34000,0.00000,-1.57080,0.00000
-0.62725,0.00425,0.34000,0.00000,-1.57080,0.00000
-0.62668,0.00482,0.34000,0.00000,-1.57080,0.00000
-0.62611,0.00539,0.34000,0.00000,-1.57080,0.00000
-0.62555,0.00595,0.34000,0.00000,-1.57080,0.00000
-0.62498,0.00652,0.34000,0.00000,-1.57080,0.00000
-0.62442,0.00708,0.34000,0.00000,-1.57080,0.00000
-0.62385,0.00765,0.34000,0.00000,-1.57080,0.00000
-0.62328,0.00822,0.34000,0.00000,-1.57080,0.00000
-0.62272,0.00878,0.34000,0.00000,-1.57080,0.00000
-0.62215,0.00935,0.34000,0.00000,-1.57080,0.00000
-0.62158,0.00992,0.34000,0.00000,-1.57080,0.00000
-0.62102,0.01048,0.34000,0.00000,-1.57080,0.00000
-0.62045,0.01105,0.34000,0.00000,-1.57080,0.00000
-0.61989,0.01161,0.34000,0.00000,-1.57080,0.00000
-0.61932,0.01218,0.34000,0.00000,-1.57080,0.00000
-0.61875,0.01275,0.34000,0.00000,-1.57080,0.00000
-0.61819,0.01331,0.34000,0.00000,-1.57080,0.00000
-0.61762,0.01388,0.34000,0.00000,-1.57080,0.00000
-0.61706,0.01444,0.34000,0.00000,-1.57080,0.00000
-0.61649,0.01501,0.34000,0.00000,-1.57080,0.00000
-0.61592,0.01558,0.34000,0.00000,-1.57080,0.00000
-0.61536,0.01614,0.34000,0.00000,-1.57080,0.00000
-0.61479,0.01671,0.34000,0.00000,-1.57080,0.00000
-0.61423,0.01727,0.34000,0.00000,-1.57080,0.00000
-0.61366,0.01784,0.34000,0.00000,-1.57080,0.00000
-0.61309,0.01841,0.34000,0.00000,-1.57080,0.00000
-0.61253,0.01897,0.34000,0.00000,-1.57080,0.00000
-0.61196,0.01954,0.34000,0.00000,-1.57080,0.00000
-0.61140,0.02010,0.34000,0.00000,-1.57080,0.00000
-0.61083,0.02067,0.34000,0.00000,-1.57080,0.00000
-0.61026,0.02124,0.34000,0.00000,-1.57080,0.00000
-0.60970,0.02180,0.34000,0.00000,-1.57080,0.00000
-0.60913,0.02237,0.34000,0.00000,-1.57080,0.00000
-0.60857,0.02293,0.34000,0.00000,-1.57080,0.00000
-0.60800,0.02350,0.34000,0.00000,-1.57080,0.00000
